[
  {
    "@context": "https://imi.go.jp/ns/core/context.jsonld",
    "@type": "場所型",
    "@id": "https://geonames.jp/resource/東京府西多摩郡",
    "表記": "東京府西多摩郡",
    "住所": {
      "@type": "住所型",
      "都道府県": "東京府",
      "郡": "西多摩郡"
    }
  },
  {
    "@context": "https://geonames.jp/context.jsonld",
    "@id": "https://geonames.jp/resource/東京府西多摩郡",
    "@type": "Feature",
    "isDefinedBy": "https://indigo-lab.github.io/geonamesjp/東京府/西多摩郡.json",
    "name": "西多摩郡",
    "alternateName": [],
    "parentFeature": "https://geonames.jp/resource/東京府",
    "children": [
      "https://geonames.jp/resource/東京府西多摩郡三田村",
      "https://geonames.jp/resource/東京府西多摩郡五日市町",
      "https://geonames.jp/resource/東京府西多摩郡原小宮村",
      "https://geonames.jp/resource/東京府西多摩郡古里村",
      "https://geonames.jp/resource/東京府西多摩郡吉野村",
      "https://geonames.jp/resource/東京府西多摩郡増戸村",
      "https://geonames.jp/resource/東京府西多摩郡大久野村",
      "https://geonames.jp/resource/東京府西多摩郡小宮村",
      "https://geonames.jp/resource/東京府西多摩郡小曾木村",
      "https://geonames.jp/resource/東京府西多摩郡小河内村",
      "https://geonames.jp/resource/東京府西多摩郡平井村",
      "https://geonames.jp/resource/東京府西多摩郡成木村",
      "https://geonames.jp/resource/東京府西多摩郡戸倉村",
      "https://geonames.jp/resource/東京府西多摩郡東秋留村",
      "https://geonames.jp/resource/東京府西多摩郡檜原村",
      "https://geonames.jp/resource/東京府西多摩郡殿ケ谷村",
      "https://geonames.jp/resource/東京府西多摩郡氷川村",
      "https://geonames.jp/resource/東京府西多摩郡瀬戸岡村",
      "https://geonames.jp/resource/東京府西多摩郡熊川村",
      "https://geonames.jp/resource/東京府西多摩郡石畑村",
      "https://geonames.jp/resource/東京府西多摩郡福生村",
      "https://geonames.jp/resource/東京府西多摩郡箱根ケ崎村",
      "https://geonames.jp/resource/東京府西多摩郡草花村",
      "https://geonames.jp/resource/東京府西多摩郡菅生村",
      "https://geonames.jp/resource/東京府西多摩郡西多摩村",
      "https://geonames.jp/resource/東京府西多摩郡西秋留村",
      "https://geonames.jp/resource/東京府西多摩郡調布村",
      "https://geonames.jp/resource/東京府西多摩郡長岡村",
      "https://geonames.jp/resource/東京府西多摩郡霞村",
      "https://geonames.jp/resource/東京府西多摩郡青梅町"
    ]
  }
]
